time,cpu %,mem %
08:53:20,99.9,4.0
08:53:21,99.9,4.0
08:53:22,98.0,5.6
08:53:23,95.0,6.0
08:53:24,92.0,6.5
08:53:25,34.7,6.6
08:53:26,37.0,6.8
08:53:27,37.6,7.0
08:53:28,28.0,7.2
08:53:29,27.0,7.2
08:53:30,26.7,7.2
08:53:31,28.0,7.2
08:53:32,25.7,7.2
08:53:33,28.0,7.3
08:53:34,29.0,7.5
08:53:35,39.6,7.7
08:53:36,28.0,7.7
08:53:37,26.7,7.8
08:53:38,27.0,8.0
08:53:39,28.0,8.1
08:53:40,26.7,8.1
08:53:41,27.0,8.1
08:53:42,27.7,8.1
08:53:43,27.0,8.1
08:53:44,29.7,8.1
08:53:45,29.0,8.1
08:53:46,26.0,8.2
08:53:47,25.7,8.2
08:53:48,27.0,8.2
08:53:49,27.0,8.2
08:53:50,26.7,8.2
08:53:51,27.0,8.2
08:53:52,28.0,8.2
08:53:53,26.7,8.2
08:53:54,29.0,8.2
08:53:55,27.0,8.2
08:53:56,27.7,8.2
08:53:57,28.0,8.3
08:53:58,24.8,8.3
08:53:59,29.0,8.3
08:54:00,27.0,8.3
08:54:01,27.7,8.3
08:54:02,28.0,8.3
08:54:03,27.7,8.3
08:54:04,34.0,8.3
08:54:05,98.0,8.6
08:54:06,98.0,8.6
08:54:07,99.0,8.6
08:54:08,97.0,8.6
08:54:09,99.9,8.7
08:54:10,91.1,8.7
08:54:11,98.0,8.7
08:54:12,99.0,8.8
08:54:13,97.0,8.9
08:54:14,99.0,8.9
08:54:15,98.0,9.5
08:54:16,97.0,9.7
08:54:17,99.9,10.2
08:54:18,97.0,10.5
08:54:19,99.0,10.5
08:54:20,99.0,10.5
08:54:21,97.0,10.5
08:54:22,98.0,10.5
08:54:23,97.0,10.5
08:54:24,98.0,10.6
08:54:25,97.0,10.6
08:54:26,98.0,10.6
08:54:27,99.0,10.6
08:54:28,98.0,10.6
08:54:29,97.0,10.6
08:54:30,99.0,10.6
08:54:31,96.0,10.6
08:54:32,99.0,10.7
08:54:33,98.0,10.7
08:54:34,98.0,10.7
08:54:35,97.0,10.8
08:54:36,98.0,10.8
08:54:37,98.0,10.8
08:54:38,99.0,11.0
08:54:39,97.0,11.0
08:54:40,92.0,11.1
08:54:41,99.0,11.2
08:54:42,97.0,11.3
08:54:43,98.0,11.3
08:54:44,98.0,11.4
08:54:45,97.0,11.4
08:54:46,98.0,11.5
08:54:47,96.0,11.5
08:54:48,98.0,11.6
08:54:49,96.0,11.6
08:54:50,99.0,11.7
08:54:51,97.0,11.7
08:54:52,96.0,11.7
08:54:53,98.0,11.7
08:54:54,97.0,11.7
08:54:55,92.1,11.7
08:54:56,98.0,11.7
08:54:57,97.0,11.7
08:54:58,97.0,11.7
08:54:59,97.0,11.7
08:55:00,93.1,11.7
08:55:01,92.0,11.7
08:55:02,98.0,11.7
08:55:03,96.0,11.8
08:55:04,98.0,11.8
08:55:06,95.0,11.8
08:55:07,97.0,11.8
08:55:08,98.0,11.8
08:55:09,97.0,11.8
08:55:10,96.0,11.8
08:55:11,90.1,11.8
08:55:12,97.0,11.8
08:55:13,96.0,11.9
08:55:14,96.0,11.9
08:55:15,96.0,11.9
08:55:16,95.0,11.9
08:55:17,97.0,11.9
08:55:18,96.0,11.9
08:55:19,96.0,11.9
08:55:20,96.0,11.9
08:55:21,95.0,11.9
08:55:22,95.0,11.9
08:55:23,97.0,11.9
08:55:24,80.2,11.9
08:55:25,97.0,11.9
08:55:26,96.0,11.9
08:55:27,96.0,11.9
08:55:28,97.0,11.9
08:55:29,95.0,11.9
08:55:30,97.0,11.9
08:55:31,96.0,11.9
08:55:32,96.0,11.9
08:55:33,97.0,11.9
08:55:34,96.0,11.9
08:55:35,97.0,11.9
08:55:36,95.0,11.9
08:55:37,97.0,11.9
08:55:38,96.0,11.9
08:55:39,96.0,11.9
08:55:40,84.0,11.9
08:55:41,91.1,11.9
08:55:42,96.0,11.9
08:55:43,95.0,11.9
08:55:44,96.0,11.9
08:55:45,97.0,11.9
08:55:46,96.0,12.0
08:55:47,96.0,12.0
08:55:48,95.0,12.0
08:55:49,96.0,12.0
08:55:50,97.0,12.0
08:55:51,96.0,12.0
08:55:52,84.0,12.1
08:55:53,97.0,12.1
08:55:54,96.0,12.1
08:55:55,97.0,12.2
08:55:56,96.0,12.2
08:55:57,97.0,12.3
08:55:58,97.0,12.3
08:55:59,91.1,12.3
08:56:00,97.0,12.3
08:56:01,95.0,12.3
08:56:02,97.0,12.3
08:56:03,96.0,12.3
08:56:04,83.0,12.3
08:56:05,97.0,12.3
08:56:06,92.1,12.3
08:56:07,98.0,12.3
08:56:08,96.0,12.3
08:56:09,96.0,12.3
08:56:10,96.0,12.4
08:56:11,90.1,12.5
08:56:12,97.0,12.5
08:56:13,95.0,12.5
08:56:14,96.0,12.5
08:56:15,96.0,12.5
08:56:16,96.0,12.5
08:56:17,94.0,12.5
08:56:18,97.0,12.5
08:56:19,94.1,12.5
08:56:20,96.0,12.5
08:56:21,91.1,12.5
08:56:22,96.0,12.5
08:56:23,92.0,12.6
08:56:24,97.0,12.7
08:56:25,96.0,12.7
08:56:26,96.0,12.7
08:56:27,96.0,12.7
08:56:28,97.0,12.7
08:56:29,95.0,12.7
08:56:30,95.0,12.7
08:56:31,94.1,12.7
08:56:32,95.0,12.9
08:56:33,84.2,12.9
08:56:34,95.0,13.0
08:56:35,95.0,13.0
08:56:36,96.0,13.1
08:56:37,96.0,13.2
08:56:38,83.2,13.2
08:56:39,95.0,13.2
08:56:40,97.0,13.2
08:56:41,95.0,13.2
08:56:42,91.0,13.2
08:56:43,91.1,13.2
08:56:44,96.0,13.2
08:56:45,96.0,13.2
08:56:46,96.0,13.2
08:56:47,95.0,13.2
08:56:48,97.0,13.2
08:56:49,94.1,13.3
08:56:50,96.0,13.3
08:56:51,92.1,13.3
08:56:52,95.0,13.3
08:56:53,95.0,13.4
08:56:54,95.0,13.4
08:56:55,97.0,13.4
08:56:56,96.0,13.4
08:56:57,96.0,13.4
08:56:58,98.0,13.4
08:56:59,95.0,13.4
08:57:00,97.0,13.4
08:57:01,95.0,13.4
08:57:02,97.0,13.4
08:57:03,97.0,13.4
08:57:04,95.0,13.4
08:57:05,97.0,13.4
08:57:06,96.0,13.4
08:57:07,97.0,13.4
08:57:08,96.0,13.4
08:57:09,95.0,13.4
08:57:10,95.0,13.4
08:57:11,95.0,13.4
08:57:12,91.0,13.4
08:57:13,96.0,13.4
08:57:14,97.0,13.4
08:57:15,95.0,13.4
08:57:16,97.0,13.4
08:57:17,95.0,13.4
08:57:18,96.0,13.4
08:57:19,83.2,13.4
08:57:20,96.0,13.4
08:57:21,96.0,13.4
08:57:22,85.0,13.4
08:57:23,96.0,13.4
08:57:24,87.1,13.4
08:57:25,96.0,13.4
08:57:26,96.0,13.4
08:57:27,95.0,13.4
08:57:28,99.0,13.4
08:57:29,95.0,13.4
08:57:30,92.0,13.4
08:57:31,96.0,13.4
08:57:32,93.1,13.4
08:57:33,97.0,13.5
08:57:34,92.0,13.5
08:57:35,95.0,13.5
08:57:36,96.0,13.5
08:57:37,95.0,13.5
08:57:38,97.0,13.6
08:57:39,96.0,13.6
08:57:40,95.0,13.6
08:57:41,97.0,13.6
08:57:42,89.1,13.7
08:57:43,97.0,13.7
08:57:44,97.0,13.7
08:57:45,95.0,13.7
08:57:46,97.0,13.7
08:57:47,96.0,13.7
08:57:48,96.0,13.7
08:57:49,96.0,13.7
08:57:50,96.0,13.7
08:57:51,97.0,13.7
08:57:52,95.0,13.7
08:57:53,97.0,13.7
08:57:54,97.0,13.7
08:57:55,96.0,13.7
08:57:56,95.0,13.7
08:57:57,97.0,13.7
08:57:58,96.0,13.7
08:57:59,96.0,13.7
08:58:00,93.1,13.7
08:58:01,85.0,13.7
08:58:02,95.0,13.7
08:58:03,97.0,13.7
08:58:04,96.0,13.7
08:58:05,94.1,13.7
08:58:06,97.0,13.7
08:58:07,98.0,13.7
08:58:08,96.0,13.7
08:58:09,97.0,13.8
08:58:10,96.0,13.8
08:58:11,96.0,13.8
08:58:12,91.0,13.9
08:58:13,96.0,14.2
08:58:14,95.0,14.2
08:58:15,97.0,14.2
08:58:16,95.0,14.2
08:58:17,97.0,14.2
08:58:18,95.0,14.2
08:58:19,96.0,14.2
08:58:20,96.0,14.2
08:58:21,97.0,14.2
08:58:22,95.0,14.2
08:58:23,96.0,14.2
08:58:24,97.0,14.2
08:58:25,96.0,14.2
08:58:26,95.0,14.2
08:58:27,96.0,14.2
08:58:28,95.0,14.2
08:58:29,97.0,14.2
08:58:30,95.0,14.2
08:58:31,96.0,14.2
08:58:32,96.0,14.2
08:58:33,96.0,14.2
08:58:34,97.0,14.3
08:58:35,96.0,14.3
08:58:36,96.0,14.0
08:58:37,97.0,14.0
08:58:38,95.0,14.0
08:58:39,97.0,14.0
08:58:40,96.0,14.0
08:58:41,95.0,14.0
08:58:42,91.0,14.0
08:58:43,95.0,14.0
08:58:44,97.0,14.0
08:58:45,96.0,14.0
08:58:46,96.0,14.0
08:58:47,96.0,14.0
08:58:48,96.0,14.0
08:58:49,99.0,14.1
08:58:50,97.0,14.2
08:58:51,97.0,14.3
08:58:52,96.0,14.3
08:58:53,95.0,14.3
08:58:54,96.0,14.8
08:58:55,97.0,14.8
08:58:56,94.1,14.8
08:58:57,96.0,14.8
08:58:58,93.1,14.8
08:58:59,97.0,14.8
08:59:00,96.0,14.8
08:59:01,95.0,14.8
08:59:02,96.0,14.8
08:59:03,95.0,14.8
08:59:04,96.0,14.8
08:59:05,96.0,14.8
08:59:06,96.0,14.9
08:59:07,95.0,14.9
08:59:08,95.0,14.9
08:59:09,97.0,15.0
08:59:10,95.0,15.1
08:59:11,96.0,15.2
08:59:12,91.0,15.2
08:59:13,95.0,15.3
08:59:14,96.0,15.3
08:59:15,97.0,15.3
08:59:16,95.0,15.3
08:59:17,96.0,15.3
08:59:18,95.0,15.3
08:59:19,96.0,15.3
08:59:20,96.0,15.3
08:59:21,96.0,15.3
08:59:22,95.0,15.3
08:59:23,95.0,15.3
08:59:24,95.0,15.3
08:59:25,97.0,15.3
08:59:26,95.0,15.3
08:59:27,96.0,15.3
08:59:28,96.0,15.3
08:59:29,95.0,15.3
08:59:30,96.0,15.3
08:59:31,96.0,15.3
08:59:32,95.0,15.4
08:59:33,99.0,15.4
08:59:34,97.0,15.4
08:59:35,96.0,15.5
08:59:36,97.0,15.5
08:59:37,95.0,15.5
08:59:38,97.0,15.5
08:59:39,95.0,15.5
08:59:40,96.0,15.6
08:59:41,96.0,15.6
08:59:42,91.0,15.6
08:59:43,97.0,15.6
08:59:44,95.0,15.6
08:59:45,97.0,15.6
08:59:46,96.0,15.6
08:59:47,96.0,15.6
08:59:48,96.0,15.6
08:59:49,96.0,15.6
08:59:50,96.0,15.6
08:59:51,96.0,15.6
08:59:52,96.0,15.6
08:59:53,95.0,15.6
08:59:54,95.0,15.6
08:59:55,97.0,15.7
08:59:56,97.0,15.7
08:59:57,95.0,15.7
08:59:58,96.0,15.7
08:59:59,96.0,15.7
09:00:00,96.0,15.7
09:00:01,97.0,15.7
09:00:02,92.1,15.7
09:00:03,96.0,15.7
09:00:04,97.0,15.7
09:00:05,96.0,15.8
09:00:06,97.0,15.8
09:00:07,97.0,15.8
09:00:08,94.1,15.8
09:00:09,97.0,15.8
09:00:10,96.0,15.8
09:00:11,85.0,15.8
09:00:12,92.1,15.8
09:00:13,95.0,15.8
09:00:14,95.0,15.8
09:00:15,97.0,15.8
09:00:16,96.0,15.8
09:00:17,96.0,15.8
09:00:18,96.0,15.8
09:00:19,96.0,15.8
09:00:20,97.0,15.8
09:00:21,95.0,15.8
09:00:22,97.0,15.8
09:00:23,96.0,15.8
09:00:24,96.0,15.8
09:00:25,96.0,15.8
09:00:26,96.0,15.8
09:00:27,97.0,15.8
09:00:28,95.0,15.8
09:00:29,96.0,15.8
09:00:30,97.0,15.8
09:00:31,96.0,15.8
09:00:32,96.0,15.8
09:00:33,96.0,15.8
09:00:34,97.0,15.8
09:00:35,96.0,15.8
09:00:36,96.0,15.8
09:00:37,95.0,15.8
09:00:38,96.0,15.8
09:00:39,96.0,15.8
09:00:40,97.0,15.8
09:00:41,96.0,15.8
09:00:42,97.0,15.8
09:00:43,90.1,15.8
09:00:44,96.0,15.8
09:00:45,96.0,15.8
09:00:46,95.0,15.8
09:00:47,97.0,15.8
09:00:48,96.0,15.8
09:00:49,94.1,15.8
09:00:50,98.0,15.8
09:00:51,95.0,15.8
09:00:52,97.0,15.8
09:00:53,97.0,15.8
09:00:54,95.0,15.8
09:00:55,96.0,15.8
09:00:56,97.0,15.8
09:00:57,97.0,15.8
09:00:58,95.0,15.8
09:00:59,95.0,15.8
09:01:00,97.0,15.8
09:01:01,98.0,15.8
09:01:02,94.1,15.8
09:01:03,98.0,15.8
09:01:04,95.0,15.8
09:01:05,96.0,15.8
09:01:06,98.0,15.9
09:01:07,95.0,15.9
09:01:08,96.0,15.9
09:01:09,95.0,15.9
09:01:10,97.0,15.9
09:01:11,96.0,15.9
09:01:12,96.0,15.9
09:01:13,91.0,15.9
09:01:14,95.0,15.9
09:01:15,97.0,15.9
09:01:16,97.0,15.9
09:01:17,96.0,15.9
09:01:18,96.0,15.9
09:01:19,96.0,15.9
09:01:20,96.0,15.9
09:01:21,97.0,15.9
09:01:22,96.0,15.9
09:01:23,95.0,15.9
09:01:24,97.0,15.9
09:01:25,95.0,15.9
09:01:26,98.0,15.9
09:01:27,96.0,15.9
09:01:28,95.0,15.9
09:01:29,97.0,15.9
09:01:30,95.0,15.9
09:01:31,97.0,15.9
09:01:32,96.0,15.9
09:01:33,96.0,15.9
09:01:34,96.0,15.9
09:01:35,95.0,15.9
09:01:36,98.0,15.9
09:01:37,96.0,15.9
09:01:38,95.0,15.9
09:01:39,97.0,15.9
09:01:40,95.0,15.9
09:01:41,96.0,15.9
09:01:42,96.0,15.9
09:01:43,90.1,15.9
09:01:44,96.0,15.9
09:01:45,95.0,15.9
09:01:46,97.0,15.9
09:01:47,97.0,15.9
09:01:48,94.1,15.9
09:01:49,97.0,15.9
09:01:50,97.0,15.9
09:01:51,95.0,15.9
09:01:52,97.0,15.9
09:01:53,95.0,15.9
09:01:54,97.0,15.9
09:01:55,96.0,15.9
09:01:56,95.0,15.9
09:01:57,98.0,15.9
09:01:58,96.0,15.9
09:01:59,96.0,15.9
09:02:00,96.0,15.9
09:02:01,95.0,15.9
09:02:02,97.0,15.9
09:02:03,97.0,15.9
09:02:04,95.0,15.9
09:02:05,97.0,15.9
09:02:06,91.1,15.9
09:02:07,97.0,15.9
09:02:08,97.0,15.9
09:02:09,96.0,15.9
09:02:10,96.0,15.9
09:02:11,95.0,15.9
09:02:12,97.0,15.9
09:02:13,92.0,15.9
09:02:14,95.0,15.9
09:02:15,97.0,15.9
09:02:16,95.0,15.9
09:02:17,97.0,15.9
09:02:18,96.0,15.9
09:02:19,96.0,15.9
09:02:20,84.0,15.9
09:02:21,97.0,15.9
09:02:22,96.0,15.9
09:02:23,96.0,15.9
09:02:24,96.0,15.9
09:02:25,97.0,15.9
09:02:26,96.0,15.9
09:02:27,95.0,15.9
09:02:28,97.0,15.9
09:02:29,95.0,15.9
09:02:30,97.0,15.9
09:02:31,96.0,15.9
09:02:32,95.0,15.9
09:02:33,96.0,15.9
09:02:34,96.0,15.9
09:02:35,96.0,15.9
09:02:36,96.0,15.9
09:02:37,96.0,15.9
09:02:38,96.0,15.9
09:02:39,97.0,15.9
09:02:40,95.0,15.9
09:02:41,96.0,15.9
09:02:42,96.0,15.9
09:02:43,94.0,15.9
09:02:44,99.0,15.9
09:02:45,99.0,16.0
09:02:46,98.0,16.0
09:02:47,95.1,16.0
09:02:48,97.0,16.0
09:02:49,96.0,16.0
09:02:50,96.0,16.0
09:02:51,97.0,16.3
09:02:52,95.0,16.3
09:02:53,97.0,16.3
09:02:54,96.0,16.3
09:02:55,96.0,16.3
09:02:56,97.0,16.3
09:02:57,96.0,16.3
09:02:58,95.0,16.3
09:02:59,97.0,16.3
09:03:00,86.1,16.3
09:03:01,96.0,16.3
09:03:02,97.0,16.3
09:03:03,95.0,16.3
09:03:04,97.0,16.3
09:03:05,95.0,16.3
09:03:06,97.0,16.3
09:03:07,97.0,16.3
09:03:08,96.0,16.3
09:03:09,96.0,16.3
09:03:10,97.0,16.3
09:03:11,96.0,16.3
09:03:12,96.0,16.3
09:03:13,90.1,16.3
09:03:14,97.0,16.3
09:03:15,96.0,16.3
09:03:16,96.0,16.3
09:03:17,97.0,16.3
09:03:18,95.0,16.3
09:03:19,97.0,16.3
09:03:20,95.0,16.3
09:03:21,96.0,16.3
09:03:22,96.0,16.3
09:03:23,97.0,16.3
09:03:24,96.0,16.3
09:03:25,96.0,16.3
09:03:26,95.0,16.3
09:03:27,96.0,16.3
09:03:28,95.0,16.3
09:03:29,97.0,16.3
09:03:30,96.0,16.3
09:03:31,97.0,16.3
09:03:32,95.0,16.3
09:03:33,95.0,16.3
09:03:34,96.0,16.3
09:03:35,97.0,16.3
09:03:36,96.0,16.4
09:03:37,97.0,16.4
09:03:38,95.0,16.4
09:03:39,97.0,16.4
09:03:40,95.0,16.4
09:03:41,98.0,16.4
09:03:42,96.0,16.4
09:03:43,90.1,16.4
09:03:44,97.0,16.4
09:03:45,96.0,16.4
09:03:46,96.0,16.4
09:03:47,97.0,16.4
09:03:48,94.1,16.4
09:03:49,96.0,16.4
09:03:50,97.0,16.4
09:03:51,95.0,16.4
09:03:52,97.0,16.4
09:03:53,96.0,16.4
09:03:54,96.0,16.4
09:03:55,97.0,16.4
09:03:56,95.0,16.4
09:03:57,97.0,16.4
09:03:58,97.0,16.4
09:03:59,95.0,16.4
09:04:00,97.0,16.4
09:04:01,95.0,16.4
09:04:02,96.0,16.4
09:04:03,98.0,16.4
09:04:04,95.0,16.4
09:04:05,97.0,16.4
09:04:06,92.1,16.4
09:04:07,96.0,16.4
09:04:08,96.0,16.4
09:04:09,96.0,16.4
09:04:10,97.0,16.4
09:04:11,95.0,16.4
09:04:12,97.0,16.4
09:04:13,94.1,16.4
09:04:14,93.0,16.4
09:04:15,96.0,16.4
09:04:16,96.0,16.4
09:04:17,96.0,16.4
09:04:18,96.0,16.4
09:04:19,96.0,16.4
09:04:20,95.0,16.4
09:04:21,97.0,16.4
09:04:22,96.0,16.4
09:04:23,96.0,16.4
09:04:24,97.0,16.4
09:04:25,95.0,16.4
09:04:26,96.0,16.4
09:04:27,96.0,16.4
09:04:28,96.0,16.4
09:04:29,97.0,16.4
09:04:30,84.2,16.4
09:04:31,97.0,16.5
09:04:32,96.0,16.5
09:04:33,97.0,16.4
09:04:34,97.0,16.4
09:04:35,96.0,16.4
09:04:36,96.0,16.4
09:04:37,97.0,16.4
09:04:38,95.0,16.4
09:04:39,96.0,16.4
09:04:40,95.0,16.4
09:04:41,97.0,16.4
09:04:42,97.0,16.4
09:04:43,95.0,16.4
09:04:44,91.0,16.4
09:04:45,95.0,16.4
09:04:46,97.0,16.4
09:04:47,96.0,16.4
09:04:48,96.0,16.4
09:04:49,96.0,16.4
09:04:50,96.0,16.4
09:04:51,96.0,16.4
09:04:52,96.0,16.4
09:04:53,95.0,16.4
09:04:54,97.0,16.4
09:04:55,96.0,16.4
09:04:56,96.0,16.4
09:04:57,97.0,16.4
09:04:58,96.0,16.4
09:04:59,95.0,16.4
09:05:00,97.0,16.4
09:05:01,96.0,16.4
09:05:02,97.0,16.4
09:05:03,96.0,16.4
09:05:04,96.0,16.4
09:05:05,96.0,16.4
09:05:06,96.0,16.4
09:05:07,96.0,16.4
09:05:08,97.0,16.4
09:05:09,95.0,16.4
09:05:10,97.0,16.4
09:05:11,96.0,16.4
09:05:12,95.0,16.4
09:05:13,96.0,16.4
09:05:14,91.0,16.4
09:05:15,96.0,16.4
09:05:16,96.0,16.4
09:05:17,97.0,16.4
09:05:18,95.0,16.4
09:05:19,97.0,16.4
09:05:20,96.0,16.4
09:05:21,96.0,16.4
09:05:22,96.0,16.4
09:05:23,97.0,16.4
09:05:24,95.0,16.4
09:05:25,97.0,16.4
09:05:26,94.1,16.5
09:05:27,97.0,16.5
09:05:28,97.0,16.5
09:05:29,96.0,16.5
09:05:30,97.0,16.4
09:05:31,95.0,16.4
09:05:32,97.0,16.4
09:05:33,96.0,16.4
09:05:34,95.0,16.4
09:05:35,97.0,16.4
09:05:36,96.0,16.4
09:05:37,95.0,16.4
09:05:38,97.0,16.4
09:05:39,96.0,16.4
09:05:40,96.0,16.4
09:05:41,96.0,16.4
09:05:42,97.0,16.4
09:05:43,95.0,16.4
09:05:44,90.1,16.4
09:05:45,97.0,16.4
09:05:46,95.0,16.4
09:05:47,97.0,16.4
09:05:48,97.0,16.4
09:05:49,94.1,16.4
09:05:50,98.0,16.4
09:05:52,95.0,16.4
09:05:53,97.0,16.4
09:05:54,96.0,16.4
09:05:55,95.0,16.4
09:05:56,97.0,16.4
09:05:57,95.0,16.4
09:05:58,97.0,16.4
09:05:59,95.0,16.4
09:06:00,96.0,16.4
09:06:01,97.0,16.4
09:06:02,96.0,16.4
09:06:03,99.9,16.5
09:06:04,99.0,16.5
09:06:05,98.0,16.6
09:06:06,98.0,17.0
09:06:07,99.0,17.5
09:06:08,95.0,17.5
09:06:09,96.0,17.7
09:06:10,96.0,17.7
09:06:11,96.0,17.7
09:06:12,95.0,17.8
09:06:13,97.0,17.8
09:06:14,96.0,17.8
09:06:15,89.1,17.8
09:06:16,97.0,17.8
09:06:17,96.0,17.8
09:06:18,96.0,17.8
09:06:19,97.0,17.8
09:06:20,95.0,17.8
09:06:21,96.0,17.8
09:06:22,96.0,17.8
09:06:23,96.0,17.8
09:06:24,96.0,17.8
09:06:25,96.0,17.8
09:06:26,96.0,17.8
09:06:27,96.0,17.8
09:06:28,96.0,17.9
09:06:29,96.0,18.0
09:06:30,96.0,18.0
09:06:31,96.0,18.0
09:06:32,96.0,18.1
09:06:33,96.0,18.1
09:06:34,96.0,18.1
09:06:35,97.0,18.2
09:06:36,95.0,18.2
09:06:37,97.0,18.2
09:06:38,96.0,18.3
09:06:39,96.0,18.3
09:06:40,85.0,18.4
09:06:41,96.0,18.4
09:06:42,96.0,18.4
09:06:43,96.0,18.4
09:06:44,96.0,18.4
09:06:45,90.0,18.4
09:06:46,97.0,18.4
09:06:47,95.0,18.4
09:06:48,96.0,18.4
09:06:49,96.0,18.4
09:06:50,96.0,18.4
09:06:51,96.0,18.4
09:06:52,96.0,18.4
09:06:53,96.0,18.4
09:06:54,96.0,18.4
09:06:55,97.0,18.4
09:06:56,95.0,18.4
09:06:57,97.0,18.4
09:06:58,95.0,18.4
09:06:59,96.0,18.5
09:07:00,96.0,18.5
09:07:01,95.0,18.5
09:07:02,96.0,18.5
09:07:03,95.0,18.5
09:07:04,96.0,18.5
09:07:05,97.0,18.5
09:07:06,95.0,18.5
09:07:07,97.0,18.5
09:07:08,94.1,18.5
09:07:09,97.0,18.5
09:07:10,96.0,18.5
09:07:11,97.0,18.5
09:07:12,97.0,18.5
09:07:13,94.1,18.5
09:07:14,97.0,18.5
09:07:15,91.0,18.5
09:07:16,95.0,18.5
09:07:17,96.0,18.5
09:07:18,96.0,18.5
09:07:19,96.0,18.5
09:07:20,96.0,18.5
09:07:21,96.0,18.5
09:07:22,97.0,18.5
09:07:23,95.0,18.5
09:07:24,96.0,18.6
09:07:25,97.0,18.6
09:07:26,95.0,18.6
09:07:27,97.0,18.6
09:07:28,94.1,18.6
09:07:29,97.0,18.7
09:07:30,96.0,18.7
09:07:31,95.0,18.7
09:07:32,97.0,18.7
09:07:33,95.0,18.7
09:07:34,97.0,18.7
09:07:35,96.0,18.7
09:07:36,96.0,18.7
09:07:37,96.0,18.7
09:07:38,96.0,18.7
09:07:39,96.0,18.7
09:07:40,96.0,18.7
09:07:41,96.0,18.7
09:07:42,96.0,18.7
09:07:43,95.0,18.7
09:07:44,96.0,18.7
09:07:45,91.1,18.7
09:07:46,96.0,18.7
09:07:47,97.0,18.7
09:07:48,96.0,18.7
09:07:49,95.0,18.7
09:07:50,97.0,18.7
09:07:51,96.0,18.7
09:07:52,95.0,18.7
09:07:53,96.0,18.7
09:07:54,95.0,18.7
09:07:55,97.0,18.7
09:07:56,96.0,18.7
09:07:57,95.0,18.7
09:07:58,96.0,18.7
09:07:59,97.0,18.7
09:08:00,95.0,18.7
09:08:01,97.0,18.7
09:08:02,95.0,18.7
09:08:03,96.0,18.7
09:08:04,96.0,18.8
09:08:05,96.0,18.8
09:08:06,96.0,18.8
09:08:07,94.1,18.8
09:08:08,97.0,18.8
09:08:09,97.0,18.8
09:08:10,94.1,18.8
09:08:11,93.0,18.8
09:08:12,96.0,18.8
09:08:13,97.0,18.8
09:08:14,95.0,18.8
09:08:15,96.0,18.8
09:08:16,91.0,18.8
09:08:17,95.0,18.8
09:08:18,96.0,18.8
09:08:19,97.0,18.8
09:08:20,96.0,18.9
09:08:21,96.0,18.9
09:08:22,95.0,18.9
09:08:23,96.0,18.9
09:08:24,97.0,18.9
09:08:25,95.0,18.9
09:08:26,97.0,18.9
09:08:27,95.0,18.9
09:08:28,96.0,18.9
09:08:29,96.0,18.9
09:08:30,96.0,19.0
09:08:31,96.0,19.0
09:08:32,97.0,19.1
09:08:33,95.0,19.1
09:08:34,97.0,19.2
09:08:35,95.0,19.3
09:08:36,97.0,19.3
09:08:37,96.0,19.4
09:08:38,96.0,19.4
09:08:39,97.0,19.4
09:08:40,96.0,19.4
09:08:41,96.0,19.4
09:08:42,95.0,19.4
09:08:43,96.0,19.4
09:08:44,96.0,19.4
09:08:45,85.1,19.4
09:08:46,90.0,19.4
09:08:47,96.0,19.4
09:08:48,96.0,19.4
09:08:49,96.0,19.4
09:08:50,95.0,19.4
09:08:51,96.0,19.5
09:08:52,97.0,19.5
09:08:53,95.0,19.5
09:08:54,96.0,19.5
09:08:55,96.0,19.5
09:08:56,96.0,19.5
09:08:57,96.0,19.5
09:08:58,94.1,19.5
09:08:59,97.0,19.5
09:09:00,96.0,19.5
09:09:01,96.0,19.5
09:09:02,96.0,19.5
09:09:03,95.0,19.5
09:09:04,97.0,19.5
09:09:05,96.0,19.5
09:09:06,96.0,19.5
09:09:07,96.0,19.5
09:09:08,95.0,19.5
09:09:09,97.0,19.5
09:09:10,96.0,19.5
09:09:11,95.0,19.5
09:09:12,96.0,19.5
09:09:13,96.0,19.5
09:09:14,97.0,19.5
09:09:15,96.0,19.5
09:09:16,89.1,19.5
09:09:17,98.0,19.5
09:09:18,94.1,19.5
09:09:19,97.0,19.5
09:09:20,97.0,19.5
09:09:21,95.0,19.5
09:09:22,96.0,19.5
09:09:23,95.0,19.5
09:09:24,97.0,19.5
09:09:25,97.0,19.5
09:09:26,94.1,19.5
09:09:27,96.0,19.5
09:09:28,97.0,19.6
09:09:29,95.0,19.6
09:09:30,97.0,19.7
09:09:31,97.0,19.8
09:09:32,98.0,20.7
09:09:33,98.0,21.7
09:09:34,99.9,20.5
09:09:35,98.0,20.5
09:09:36,99.9,20.5
09:09:37,98.0,20.5
09:09:38,99.0,21.1
09:09:39,99.9,21.2
09:09:40,96.0,22.0
09:09:41,97.0,22.0
09:09:42,95.0,22.6
09:09:43,95.0,22.7
09:09:44,96.0,22.7
09:09:45,96.0,22.8
09:09:46,90.0,22.8
09:09:47,96.0,22.9
09:09:48,96.0,23.0
09:09:49,96.0,23.0
09:09:50,95.0,23.1
09:09:51,97.0,23.2
09:09:52,95.0,23.2
09:09:53,97.0,23.3
09:09:54,95.0,23.3
09:09:55,95.0,23.4
09:09:56,96.0,23.4
09:09:57,97.0,23.5
09:09:58,95.0,23.6
09:09:59,96.0,23.6
09:10:00,94.1,23.7
09:10:01,97.0,23.7
09:10:02,96.0,23.8
09:10:03,96.0,23.9
09:10:04,96.0,23.9
09:10:05,95.0,24.0
09:10:06,96.0,24.0
09:10:07,97.0,24.1
09:10:08,95.0,24.1
09:10:09,96.0,24.2
09:10:10,95.0,24.3
09:10:11,93.0,24.4
09:10:12,96.0,24.5
09:10:13,95.0,24.7
09:10:14,96.0,24.8
09:10:15,95.0,24.9
09:10:16,91.0,25.0
09:10:17,96.0,25.1
09:10:18,95.0,25.2
09:10:19,96.0,25.3
09:10:20,96.0,25.4
09:10:21,95.0,25.5
09:10:22,96.0,25.7
09:10:23,96.0,25.7
09:10:24,96.0,25.9
09:10:25,96.0,25.9
09:10:26,97.0,25.9
09:10:27,96.0,25.9
09:10:28,94.1,25.9
09:10:29,97.0,25.9
09:10:30,95.0,25.9
09:10:31,96.0,25.9
09:10:32,96.0,25.9
09:10:33,96.0,25.9
09:10:34,96.0,25.9
09:10:35,95.0,25.9
09:10:36,96.0,25.9
09:10:37,96.0,25.9
09:10:38,95.0,25.9
09:10:39,95.0,25.9
09:10:40,96.0,25.9
09:10:41,96.0,26.0
09:10:42,96.0,26.0
09:10:43,95.0,26.0
09:10:44,96.0,26.0
09:10:45,95.0,26.0
09:10:46,90.0,26.0
09:10:47,96.0,26.0
09:10:48,94.1,26.0
09:10:49,85.0,26.0
09:10:50,94.1,26.0
09:10:51,97.0,26.0
09:10:52,96.0,26.0
09:10:53,95.0,26.1
09:10:54,97.0,26.1
09:10:55,95.0,26.1
09:10:56,96.0,26.1
09:10:57,95.0,26.1
09:10:58,95.0,26.1
09:10:59,98.0,26.1
09:11:00,94.1,26.1
09:11:01,96.0,26.1
09:11:02,95.0,26.1
09:11:03,97.0,26.1
09:11:04,95.0,26.1
09:11:05,96.0,26.2
09:11:06,96.0,26.2
09:11:07,95.0,26.3
09:11:08,96.0,26.4
09:11:09,96.0,26.5
09:11:10,95.0,26.6
09:11:11,96.0,26.7
09:11:12,97.0,26.8
09:11:13,95.0,27.0
09:11:14,96.0,27.1
09:11:15,95.0,27.2
09:11:16,91.0,27.3
09:11:17,95.0,27.4
09:11:18,95.0,27.5
09:11:19,96.0,27.6
09:11:20,96.0,27.7
09:11:21,95.0,27.9
09:11:22,96.0,27.9
09:11:23,97.0,28.0
09:11:24,97.0,28.0
09:11:25,95.0,28.0
09:11:26,95.0,28.0
09:11:27,96.0,28.0
09:11:28,95.0,28.0
09:11:29,96.0,28.1
09:11:30,96.0,28.1
09:11:31,95.0,28.1
09:11:32,96.0,28.1
09:11:33,96.0,28.1
09:11:34,95.0,28.1
09:11:35,96.0,28.1
09:11:36,96.0,28.1
09:11:37,96.0,28.1
09:11:38,95.0,28.1
09:11:39,95.0,28.1
09:11:40,95.0,28.2
09:11:41,96.0,28.2
09:11:42,96.0,28.2
09:11:43,95.0,28.2
09:11:44,96.0,28.2
09:11:45,96.0,28.2
09:11:46,91.1,28.2
09:11:47,94.0,28.2
09:11:48,96.0,28.2
09:11:49,96.0,28.2
09:11:50,96.0,28.2
09:11:51,96.0,28.2
09:11:52,96.0,28.2
09:11:53,95.0,28.2
09:11:54,96.0,28.2
09:11:55,96.0,28.2
09:11:56,95.0,28.2
09:11:57,96.0,28.2
09:11:58,95.0,28.2
09:11:59,95.0,28.2
09:12:00,97.0,28.2
09:12:01,95.0,28.2
09:12:02,96.0,28.2
09:12:03,96.0,28.2
09:12:04,96.0,28.2
09:12:05,94.1,28.2
09:12:06,96.0,28.2
09:12:07,96.0,28.2
09:12:08,95.0,28.2
09:12:09,96.0,28.2
09:12:10,95.0,28.2
09:12:11,96.0,28.2
09:12:12,92.0,28.2
09:12:13,95.0,28.2
09:12:14,97.0,28.2
09:12:15,95.0,28.2
09:12:16,95.0,28.2
09:12:17,90.0,28.2
09:12:18,96.0,28.2
09:12:19,96.0,28.2
09:12:20,96.0,28.2
09:12:21,94.1,28.4
09:12:22,97.0,28.6
09:12:23,95.0,28.7
09:12:24,95.0,28.8
09:12:25,97.0,28.9
09:12:26,95.0,29.0
09:12:27,95.0,29.1
09:12:28,95.0,29.2
09:12:29,96.0,29.4
09:12:30,96.0,29.5
09:12:31,96.0,29.5
09:12:32,96.0,29.7
09:12:33,96.0,29.8
09:12:34,96.0,29.8
09:12:35,96.0,29.8
09:12:36,94.1,29.8
09:12:37,97.0,29.8
09:12:38,95.0,29.8
09:12:39,97.0,29.8
09:12:40,96.0,29.8
09:12:41,95.0,29.8
09:12:42,96.0,29.8
09:12:43,95.0,29.8
09:12:44,97.0,29.9
09:12:45,96.0,29.9
09:12:46,95.0,29.9
09:12:47,90.0,29.9
09:12:48,96.0,29.9
09:12:49,96.0,29.9
09:12:50,96.0,29.9
09:12:51,96.0,29.9
09:12:52,96.0,29.9
09:12:53,95.0,29.9
09:12:54,96.0,29.9
09:12:55,96.0,29.9
09:12:56,95.0,29.9
09:12:57,96.0,29.9
09:12:58,96.0,29.9
09:12:59,84.0,29.9
09:13:00,97.0,29.9
09:13:01,95.0,29.9
09:13:02,96.0,29.9
09:13:03,95.0,29.9
09:13:04,97.0,29.9
09:13:05,95.0,29.9
09:13:06,96.0,29.9
09:13:07,96.0,30.0
09:13:08,96.0,30.0
09:13:09,80.0,30.0
09:13:10,52.5,30.0
09:13:11,98.0,30.0
09:13:12,99.9,30.1
09:13:13,98.0,30.1
09:13:14,97.0,30.1
09:13:15,97.0,30.1
09:13:16,96.0,30.2
09:13:17,90.0,30.2
09:13:18,95.0,30.2
09:13:19,98.0,30.2
09:13:20,95.0,30.2
09:13:21,95.0,30.2
09:13:22,98.0,30.2
09:13:23,95.0,30.2
09:13:24,96.0,30.2
09:13:25,96.0,30.2
09:13:26,95.0,30.2
09:13:27,96.0,30.2
09:13:28,96.0,30.2
09:13:29,96.0,30.2
09:13:30,96.0,30.2
09:13:31,95.0,30.2
09:13:32,98.0,30.2
09:13:33,96.0,30.2
09:13:34,95.0,30.2
09:13:35,97.0,30.2
09:13:36,96.0,30.2
09:13:37,96.0,30.2
09:13:38,96.0,30.2
09:13:39,96.0,30.2
09:13:40,96.0,30.2
09:13:41,97.0,30.2
09:13:42,96.0,30.2
09:13:43,96.0,30.2
09:13:44,96.0,30.2
09:13:45,96.0,30.2
09:13:46,97.0,30.2
09:13:47,89.1,30.2
09:13:48,97.0,30.2
09:13:49,96.0,30.3
09:13:50,96.0,30.3
09:13:51,96.0,30.3
09:13:52,96.0,30.3
09:13:53,98.0,30.3
09:13:54,94.1,30.3
09:13:55,97.0,30.3
09:13:56,95.0,30.3
09:13:57,97.0,30.3
09:13:58,96.0,30.3
09:13:59,96.0,30.3
09:14:00,97.0,30.3
09:14:01,96.0,30.3
09:14:02,95.0,30.3
09:14:03,97.0,30.3
09:14:04,96.0,30.3
09:14:05,96.0,30.3
09:14:06,97.0,30.3
09:14:07,96.0,30.3
09:14:08,96.0,30.3
09:14:09,96.0,30.3
09:14:10,96.0,30.3
09:14:11,97.0,30.3
09:14:12,94.1,30.3
09:14:13,98.0,30.3
09:14:14,94.1,30.3
09:14:15,93.0,30.3
09:14:16,97.0,30.3
09:14:17,89.1,30.3
09:14:18,96.0,30.3
09:14:19,97.0,28.0
09:14:20,97.0,28.0
09:14:21,97.0,28.0
09:14:22,94.1,28.0
09:14:23,97.0,28.0
09:14:24,95.0,28.0
09:14:25,97.0,28.0
09:14:26,96.0,28.0
09:14:27,96.0,28.0
09:14:28,96.0,28.0
09:14:29,96.0,28.0
09:14:30,96.0,28.0
09:14:31,97.0,28.0
09:14:32,96.0,28.0
09:14:33,96.0,28.0
09:14:34,96.0,28.0
09:14:35,96.0,28.0
09:14:36,96.0,28.0
09:14:37,96.0,28.0
09:14:38,96.0,28.0
09:14:39,96.0,28.0
09:14:40,96.0,28.0
09:14:41,97.0,28.0
09:14:42,95.0,28.0
09:14:43,97.0,28.0
09:14:44,96.0,28.0
09:14:45,96.0,28.0
09:14:46,97.0,28.0
09:14:47,90.1,28.0
09:14:48,96.0,28.0
09:14:49,95.0,28.0
09:14:50,97.0,28.0
09:14:51,97.0,28.0
09:14:52,95.0,28.0
09:14:53,96.0,28.0
09:14:54,96.0,28.0
09:14:55,97.0,28.0
09:14:56,95.0,28.0
09:14:57,96.0,28.0
09:14:58,97.0,28.0
09:14:59,96.0,28.0
09:15:00,96.0,28.0
09:15:01,96.0,28.0
09:15:02,96.0,28.0
09:15:03,97.0,28.0
09:15:04,95.0,28.0
09:15:05,96.0,28.0
09:15:06,95.0,28.0
09:15:07,97.0,28.0
09:15:08,85.0,28.0
09:15:09,95.0,28.0
09:15:10,97.0,28.0
09:15:11,97.0,28.0
09:15:12,95.0,28.0
09:15:13,97.0,28.0
09:15:14,96.0,28.0
09:15:15,95.0,28.0
09:15:16,97.0,28.0
09:15:17,91.1,28.0
09:15:18,96.0,28.0
09:15:19,95.0,28.0
09:15:20,96.0,28.0
09:15:21,97.0,28.0
09:15:22,96.0,28.0
09:15:23,96.0,28.0
09:15:24,96.0,28.0
09:15:25,96.0,28.0
09:15:26,96.0,28.0
09:15:27,96.0,28.0
09:15:28,97.0,28.0
09:15:29,95.0,28.0
09:15:30,97.0,28.0
09:15:31,96.0,28.0
09:15:32,96.0,28.0
09:15:33,96.0,28.0
09:15:34,97.0,28.0
09:15:35,95.0,28.0
09:15:36,96.0,28.0
09:15:37,96.0,28.0
09:15:38,96.0,28.0
09:15:39,97.0,28.0
09:15:40,95.0,28.0
09:15:41,98.0,21.8
09:15:42,96.0,21.8
09:15:43,95.0,21.8
09:15:44,97.0,21.8
09:15:45,96.0,21.8
09:15:46,97.0,21.8
09:15:47,94.1,21.8
09:15:48,92.0,21.8
09:15:49,96.0,21.8
09:15:50,96.0,21.8
09:15:51,97.0,21.8
09:15:52,96.0,21.8
09:15:53,96.0,21.8
09:15:54,96.0,21.8
09:15:55,97.0,21.8
09:15:56,95.0,21.8
09:15:57,96.0,21.8
09:15:58,97.0,21.8
09:15:59,95.0,21.8
09:16:00,97.0,21.8
09:16:01,95.0,21.8
09:16:02,96.0,21.8
09:16:03,97.0,21.8
09:16:04,95.0,21.8
09:16:05,97.0,21.8
09:16:06,96.0,21.8
09:16:07,96.0,21.8
09:16:08,97.0,21.8
09:16:09,95.0,21.8
09:16:10,97.0,21.8
09:16:11,97.0,21.8
09:16:12,95.0,21.8
09:16:13,96.0,21.8
09:16:14,95.0,21.8
09:16:15,93.0,21.8
09:16:16,96.0,21.8
09:16:17,96.0,21.8
09:16:18,91.0,21.8
09:16:19,95.0,21.8
09:16:20,98.0,21.8
09:16:21,96.0,21.8
09:16:22,96.0,21.8
09:16:23,95.0,21.8
09:16:24,97.0,21.8
09:16:25,96.0,21.8
09:16:26,96.0,21.8
09:16:27,95.0,21.8
09:16:28,96.0,21.8
09:16:29,97.0,21.8
09:16:30,95.0,21.8
09:16:31,97.0,21.8
09:16:32,96.0,21.8
09:16:33,96.0,21.8
09:16:34,96.0,21.8
09:16:35,96.0,21.8
09:16:36,98.0,21.8
09:16:37,94.1,21.8
09:16:38,97.0,21.8
09:16:39,95.0,21.8
09:16:40,97.0,21.8
09:16:41,96.0,21.8
09:16:42,95.0,21.8
09:16:43,97.0,21.8
09:16:44,95.0,21.8
09:16:45,96.0,21.8
09:16:46,96.0,21.8
09:16:47,97.0,21.8
09:16:48,90.0,21.8
09:16:49,96.0,21.8
09:16:50,96.0,21.8
09:16:51,96.0,21.8
09:16:52,97.0,21.8
09:16:53,95.0,21.8
09:16:54,96.0,21.8
09:16:55,97.0,21.8
09:16:56,95.0,21.8
09:16:57,96.0,21.8
09:16:58,96.0,21.8
09:16:59,96.0,21.8
09:17:00,97.0,21.8
09:17:01,97.0,21.8
09:17:02,95.0,21.8
09:17:03,96.0,21.8
09:17:04,96.0,21.8
09:17:05,96.0,21.8
09:17:06,97.0,21.8
09:17:07,95.0,21.8
09:17:08,96.0,21.8
09:17:09,95.0,21.8
09:17:10,97.0,21.8
09:17:11,96.0,21.8
09:17:12,96.0,21.8
09:17:13,96.0,21.8
09:17:14,95.0,21.8
09:17:15,97.0,21.8
09:17:16,96.0,21.8
09:17:17,96.0,21.8
09:17:18,79.0,21.8
09:17:19,95.0,21.8
09:17:21,97.0,21.8
09:17:22,97.0,21.8
09:17:23,95.0,21.8
09:17:24,96.0,21.8
09:17:25,96.0,21.8
09:17:26,96.0,21.8
09:17:27,97.0,21.8
09:17:28,96.0,21.8
09:17:29,95.0,21.8
09:17:30,97.0,21.8
09:17:31,95.0,21.8
09:17:32,96.0,21.8
09:17:33,97.0,21.8
09:17:34,95.0,21.8
09:17:35,97.0,21.8
09:17:36,95.0,21.8
09:17:37,97.0,21.8
09:17:38,96.0,21.8
09:17:39,96.0,21.8
09:17:40,96.0,21.8
09:17:41,96.0,21.8
09:17:42,97.0,21.8
09:17:43,96.0,21.8
09:17:44,96.0,21.8
09:17:45,95.0,21.8
09:17:46,97.0,21.8
09:17:47,95.0,21.8
09:17:48,97.0,21.8
09:17:49,89.1,21.8
09:17:50,98.0,21.8
09:17:51,96.0,21.8
09:17:52,93.1,21.8
09:17:53,97.0,21.8
09:17:54,87.0,21.8
09:17:55,95.0,21.8
09:17:56,96.0,21.8
09:17:57,92.1,21.8
09:17:58,97.0,21.8
09:17:59,96.0,21.8
09:18:00,93.1,21.8
09:18:01,96.0,21.8
09:18:02,96.0,21.8
09:18:03,93.0,21.8
09:18:04,97.0,21.8
09:18:05,94.1,21.8
09:18:06,94.0,21.8
09:18:07,95.0,21.8
09:18:08,96.0,21.8
09:18:09,96.0,21.8
09:18:10,92.1,21.8
09:18:11,97.0,21.8
09:18:12,97.0,21.8
09:18:13,92.1,21.8
09:18:14,97.0,21.8
09:18:15,97.0,21.8
09:18:16,88.1,21.8
09:18:17,96.0,21.8
09:18:18,96.0,21.8
09:18:19,88.0,21.8
09:18:20,96.0,21.8
09:18:21,95.0,21.8
09:18:22,94.0,21.8
09:18:23,96.0,21.8
09:18:24,97.0,21.8
09:18:25,93.0,21.8
09:18:26,96.0,21.8
09:18:27,96.0,21.8
09:18:28,93.1,21.8
09:18:29,96.0,21.8
09:18:30,96.0,21.8
09:18:31,93.0,21.8
09:18:32,97.0,21.8
09:18:33,95.0,21.8
09:18:34,94.0,21.8
09:18:35,95.0,21.8
09:18:36,96.0,21.8
09:18:37,93.0,21.8
09:18:38,96.0,21.8
09:18:39,97.0,21.8
09:18:40,93.0,21.8
09:18:41,95.0,21.8
09:18:42,96.0,21.8
09:18:43,93.1,21.8
09:18:44,97.0,21.8
09:18:45,95.0,21.8
09:18:46,93.1,21.8
09:18:47,96.0,21.8
09:18:48,86.1,21.8
09:18:49,91.0,21.8
09:18:50,97.0,21.8
09:18:51,95.0,21.8
09:18:52,97.0,21.8
09:18:53,96.0,21.8
09:18:54,96.0,21.8
09:18:55,97.0,21.8
09:18:56,95.0,21.8
09:18:57,97.0,21.8
09:18:58,96.0,21.8
09:18:59,96.0,21.8
09:19:00,96.0,21.8
09:19:01,96.0,21.8
09:19:02,95.0,21.8
09:19:03,96.0,21.8
09:19:04,96.0,21.9
09:19:05,97.0,21.9
09:19:06,97.0,21.9
09:19:07,95.0,21.9
09:19:08,96.0,21.9
09:19:09,96.0,21.9
09:19:10,97.0,21.9
09:19:11,97.0,21.9
09:19:12,95.0,21.9
09:19:13,96.0,21.9
09:19:14,96.0,21.9
09:19:15,98.0,21.9
09:19:16,96.0,21.9
09:19:17,95.0,21.9
09:19:18,97.0,21.9
09:19:19,90.1,21.9
09:19:20,96.0,21.9
09:19:21,96.0,21.9
09:19:22,96.0,21.9
09:19:23,97.0,21.9
09:19:24,96.0,21.9
09:19:25,96.0,21.9
09:19:26,96.0,21.9
09:19:27,97.0,21.9
09:19:28,85.0,21.9
09:19:29,96.0,21.9
09:19:30,95.0,21.9
09:19:31,97.0,21.9
09:19:32,96.0,21.9
09:19:33,96.0,21.9
09:19:34,97.0,21.9
09:19:35,95.0,21.9
09:19:36,97.0,21.9
09:19:37,95.0,21.9
09:19:38,98.0,21.9
09:19:39,98.0,21.9
09:19:40,99.0,22.0
09:19:41,99.9,22.0
09:19:42,98.0,22.0
09:19:43,99.0,22.0
09:19:44,99.0,22.1
09:19:45,99.0,22.1
09:19:46,99.0,22.1
09:19:47,99.0,22.1
09:19:48,96.0,22.1
09:19:49,97.0,22.1
09:19:50,90.1,22.3
09:19:51,96.0,22.3
09:19:52,97.0,22.3
09:19:53,94.1,22.3
09:19:54,97.0,22.3
09:19:55,96.0,22.3
09:19:56,97.0,22.3
09:19:57,96.0,22.3
09:19:58,96.0,22.3
09:19:59,97.0,22.3
09:20:00,96.0,22.3
09:20:01,96.0,22.3
09:20:02,97.0,22.3
09:20:03,96.0,22.3
09:20:04,95.0,22.3
09:20:05,97.0,22.3
09:20:06,96.0,22.3
09:20:07,96.0,22.3
09:20:08,97.0,22.3
09:20:09,95.0,22.3
09:20:10,97.0,22.3
09:20:11,97.0,22.3
09:20:12,96.0,22.3
09:20:13,96.0,22.3
09:20:14,96.0,22.3
09:20:15,96.0,22.3
09:20:16,97.0,22.3
09:20:17,96.0,22.3
09:20:18,96.0,22.3
09:20:19,93.1,22.3
09:20:20,90.0,22.3
09:20:21,96.0,22.3
09:20:22,97.0,22.3
09:20:23,97.0,22.3
09:20:24,95.0,22.3
09:20:25,96.0,22.3
09:20:26,96.0,22.3
09:20:27,96.0,22.3
09:20:28,96.0,22.3
09:20:29,96.0,22.3
09:20:30,97.0,22.3
09:20:31,95.0,22.3
09:20:32,96.0,22.3
09:20:33,97.0,22.3
09:20:34,95.0,22.3
09:20:35,97.0,22.3
09:20:36,96.0,22.3
09:20:37,97.0,22.3
09:20:38,96.0,22.3
09:20:39,95.0,22.4
09:20:40,97.0,22.4
09:20:41,96.0,22.4
09:20:42,96.0,22.4
09:20:43,97.0,22.4
09:20:44,96.0,22.4
09:20:45,96.0,22.4
09:20:46,95.0,22.4
09:20:47,96.0,22.4
09:20:48,97.0,22.4
09:20:49,97.0,22.4
09:20:50,89.1,22.4
09:20:51,96.0,22.4
09:20:52,96.0,22.4
09:20:53,96.0,22.4
09:20:54,97.0,22.4
09:20:55,96.0,22.4
09:20:56,96.0,22.4
09:20:57,96.0,22.4
09:20:58,96.0,22.4
09:20:59,97.0,22.4
09:21:00,96.0,21.5
09:21:01,97.0,21.5
09:21:02,95.0,21.5
09:21:03,97.0,21.5
09:21:04,96.0,21.5
09:21:05,95.0,21.5
09:21:06,97.0,21.5
09:21:07,96.0,21.5
09:21:08,96.0,21.5
09:21:09,96.0,21.5
09:21:10,96.0,21.5
09:21:11,96.0,21.5
09:21:12,97.0,21.5
09:21:13,96.0,21.5
09:21:14,96.0,21.5
09:21:15,96.0,21.5
09:21:16,96.0,21.5
09:21:17,97.0,21.5
09:21:18,96.0,21.5
09:21:19,96.0,21.5
09:21:20,92.0,21.5
09:21:21,95.0,21.5
09:21:22,97.0,21.5
09:21:23,94.1,21.5
09:21:24,97.0,21.5
09:21:25,95.0,21.5
09:21:26,96.0,21.5
09:21:27,97.0,21.5
09:21:28,95.0,21.5
09:21:29,96.0,21.5
09:21:30,97.0,21.5
09:21:31,96.0,21.5
09:21:32,96.0,21.5
09:21:33,97.0,21.5
09:21:34,96.0,21.5
09:21:35,96.0,21.5
09:21:36,95.0,21.5
09:21:37,97.0,21.5
09:21:38,84.2,21.5
09:21:39,96.0,21.5
09:21:40,97.0,21.5
09:21:41,96.0,21.5
09:21:42,96.0,21.5
09:21:43,96.0,21.5
09:21:44,96.0,21.5
09:21:45,97.0,21.5
09:21:46,94.1,21.5
09:21:47,97.0,21.5
09:21:48,96.0,21.5
09:21:49,96.0,21.5
09:21:50,90.0,21.5
09:21:51,97.0,21.7
09:21:52,96.0,21.7
09:21:53,96.0,21.7
09:21:54,95.0,21.7
09:21:55,97.0,21.7
09:21:56,97.0,21.7
09:21:57,95.0,21.7
09:21:58,97.0,21.7
09:21:59,94.1,21.7
09:22:00,98.0,21.7
09:22:01,97.0,21.2
09:22:02,95.0,21.2
09:22:03,97.0,21.2
09:22:04,95.0,21.2
09:22:05,96.0,21.2
09:22:06,97.0,21.2
09:22:07,95.0,21.2
09:22:08,97.0,21.2
09:22:09,95.0,21.2
09:22:10,97.0,21.2
09:22:11,97.0,21.2
09:22:12,95.0,21.2
09:22:13,97.0,21.2
09:22:14,95.0,21.2
09:22:15,96.0,21.2
09:22:16,97.0,21.2
09:22:17,95.0,21.2
09:22:18,97.0,21.2
09:22:19,93.0,21.2
09:22:20,89.1,21.2
09:22:21,97.0,21.2
09:22:22,97.0,21.2
09:22:23,95.0,21.2
09:22:24,97.0,21.2
09:22:25,95.0,21.2
09:22:26,97.0,21.2
09:22:27,95.0,21.2
09:22:28,97.0,21.2
09:22:29,95.0,21.2
09:22:30,96.0,21.2
09:22:31,97.0,21.2
09:22:32,97.0,21.2
09:22:33,95.0,21.2
09:22:34,96.0,21.2
09:22:35,96.0,21.2
09:22:36,96.0,21.2
09:22:37,96.0,21.2
09:22:38,96.0,21.2
09:22:39,96.0,21.2
09:22:40,96.0,21.2
09:22:41,96.0,21.2
09:22:42,97.0,21.2
09:22:43,95.0,21.2
09:22:44,96.0,21.2
09:22:45,97.0,21.2
09:22:46,96.0,21.2
09:22:47,96.0,21.2
09:22:48,97.0,21.2
09:22:49,95.0,21.2
09:22:50,91.0,21.2
09:22:51,95.0,21.2
09:22:52,96.0,21.2
09:22:53,98.0,21.2
09:22:54,95.0,21.3
09:22:55,96.0,21.3
09:22:56,96.0,21.3
09:22:57,96.0,21.3
09:22:58,97.0,21.3
09:22:59,96.0,21.2
09:23:00,98.0,21.2
09:23:01,95.0,21.2
09:23:02,97.0,21.2
09:23:03,96.0,21.2
09:23:04,96.0,21.2
09:23:05,96.0,21.2
09:23:06,96.0,21.2
09:23:07,96.0,21.2
09:23:08,97.0,21.2
09:23:09,95.0,21.2
09:23:10,96.0,21.2
09:23:11,97.0,21.2
09:23:12,96.0,21.2
09:23:13,97.0,21.2
09:23:14,95.0,21.2
09:23:15,96.0,21.2
09:23:16,96.0,21.2
09:23:17,96.0,21.2
09:23:18,96.0,21.2
09:23:19,96.0,21.2
09:23:20,94.1,21.2
09:23:21,93.1,21.2
09:23:22,96.0,21.2
09:23:23,97.0,21.2
09:23:24,95.0,21.2
09:23:25,97.0,21.2
09:23:26,95.0,21.2
09:23:27,96.0,21.2
09:23:28,97.0,21.2
09:23:29,96.0,21.2
09:23:30,96.0,21.2
09:23:31,95.0,21.2
09:23:32,97.0,21.2
09:23:33,97.0,21.2
09:23:34,95.0,21.2
09:23:35,96.0,21.2
09:23:36,95.0,21.2
09:23:37,98.0,21.2
09:23:38,96.0,21.2
09:23:39,95.0,21.2
09:23:40,97.0,21.2
09:23:41,95.0,21.2
09:23:42,86.0,21.2
09:23:43,96.0,21.2
09:23:44,96.0,21.2
09:23:45,96.0,21.2
09:23:46,96.0,21.2
09:23:47,97.0,21.2
09:23:48,97.0,21.2
09:23:49,95.0,21.2
09:23:50,96.0,21.2
09:23:51,91.1,21.2
09:23:52,97.0,21.3
09:23:53,95.0,21.3
09:23:54,96.0,21.3
09:23:55,96.0,21.3
09:23:56,96.0,21.3
09:23:57,96.0,21.3
09:23:58,97.0,21.3
09:23:59,96.0,21.3
09:24:00,96.0,21.3
09:24:01,96.0,21.3
09:24:02,96.0,21.3
09:24:03,97.0,21.3
09:24:04,95.0,21.3
09:24:05,97.0,21.3
09:24:06,95.0,21.3
09:24:07,96.0,21.3
09:24:08,97.0,21.3
09:24:09,95.0,21.3
09:24:10,97.0,21.3
09:24:11,95.0,21.3
09:24:12,95.0,21.3
09:24:13,97.0,21.3
09:24:14,97.0,21.3
09:24:15,97.0,21.3
09:24:16,96.0,21.3
09:24:17,95.0,21.3
09:24:18,98.0,21.3
09:24:19,95.0,21.3
09:24:20,93.0,21.3
09:24:21,90.1,21.3
09:24:22,97.0,21.3
09:24:23,95.0,21.3
09:24:24,96.0,21.3
09:24:25,97.0,21.3
09:24:26,95.0,21.3
09:24:27,97.0,21.3
09:24:28,96.0,21.3
09:24:29,96.0,21.3
09:24:30,96.0,21.3
09:24:31,96.0,21.3
09:24:32,97.0,21.3
09:24:33,96.0,21.3
09:24:34,95.0,21.3
09:24:35,97.0,21.3
09:24:36,96.0,21.3
09:24:37,96.0,21.3
09:24:38,97.0,21.3
09:24:39,95.0,21.3
09:24:40,97.0,21.3
09:24:41,96.0,21.3
09:24:42,96.0,21.3
09:24:43,97.0,21.3
09:24:44,96.0,21.3
09:24:45,96.0,21.3
09:24:46,97.0,21.3
09:24:47,95.0,21.3
09:24:48,97.0,21.3
09:24:49,96.0,21.3
09:24:50,97.0,21.3
09:24:51,90.0,21.3
09:24:52,95.0,21.3
09:24:53,97.0,21.3
09:24:54,96.0,21.3
09:24:55,97.0,21.3
09:24:56,96.0,21.3
09:24:57,96.0,21.3
09:24:58,96.0,21.3
09:24:59,96.0,21.3
09:25:00,95.0,21.3
09:25:01,97.0,21.3
09:25:02,97.0,21.3
09:25:03,96.0,21.3
09:25:04,96.0,21.4
09:25:05,95.0,21.4
09:25:06,97.0,21.4
09:25:07,96.0,21.4
09:25:08,96.0,21.4
09:25:09,96.0,21.4
09:25:10,96.0,21.4
09:25:11,97.0,21.4
09:25:12,96.0,21.4
09:25:13,96.0,21.4
09:25:14,96.0,21.4
09:25:15,95.0,21.4
09:25:16,97.0,21.4
09:25:17,96.0,21.3
09:25:18,97.0,21.3
09:25:19,97.0,21.3
09:25:20,95.0,21.3
09:25:21,91.0,21.3
09:25:22,96.0,21.3
09:25:23,95.0,21.3
09:25:24,96.0,21.3
09:25:25,96.0,21.3
09:25:26,96.0,21.3
09:25:27,97.0,21.3
09:25:28,96.0,21.3
09:25:29,97.0,21.3
09:25:30,95.0,21.3
09:25:31,96.0,21.3
09:25:32,97.0,21.3
09:25:33,95.0,21.3
09:25:34,97.0,21.3
09:25:35,97.0,21.3
09:25:36,94.1,21.3
09:25:37,97.0,21.3
09:25:38,95.0,21.3
09:25:39,97.0,21.3
09:25:40,96.0,21.3
09:25:41,96.0,21.3
09:25:42,97.0,21.3
09:25:43,95.0,21.3
09:25:44,97.0,21.3
09:25:45,97.0,21.3
09:25:46,95.0,21.3
09:25:47,86.0,21.3
09:25:48,95.0,21.3
09:25:49,97.0,21.3
09:25:50,96.0,21.3
09:25:51,90.1,21.3
09:25:52,97.0,21.3
09:25:53,95.0,21.3
09:25:54,97.0,21.3
09:25:55,97.0,21.3
09:25:56,94.1,21.3
09:25:57,97.0,21.3
09:25:58,95.0,21.3
09:25:59,97.0,21.3
09:26:00,95.0,21.3
09:26:01,97.0,21.3
09:26:02,96.0,21.3
09:26:03,97.0,21.3
09:26:04,94.1,21.3
09:26:05,97.0,21.3
09:26:06,96.0,21.3
09:26:07,96.0,21.3
09:26:08,97.0,21.3
09:26:09,95.0,21.4
09:26:10,97.0,21.4
09:26:11,96.0,21.4
09:26:12,96.0,21.4
09:26:13,97.0,21.4
09:26:14,95.0,21.4
09:26:15,98.0,21.4
09:26:16,97.0,21.3
09:26:17,95.0,21.3
09:26:18,96.0,21.3
09:26:19,97.0,21.3
09:26:20,99.0,21.5
09:26:21,93.0,21.5
09:26:22,99.0,21.5
09:26:23,95.0,21.5
09:26:24,98.0,21.6
09:26:25,99.0,21.5
09:26:26,99.9,22.0
09:26:27,98.0,22.0
09:26:28,99.0,22.0
09:26:29,99.9,22.3
09:26:30,98.0,22.8
09:26:31,99.0,23.9
09:26:32,99.0,24.4
09:26:33,96.0,23.4
09:26:34,97.0,23.5
09:26:35,95.0,23.5
09:26:36,96.0,24.0
09:26:37,97.0,24.3
09:26:38,96.0,24.3
09:26:39,96.0,24.3
09:26:40,95.0,24.4
09:26:41,96.0,24.4
09:26:42,97.0,24.4
09:26:43,96.0,24.4
09:26:44,96.0,24.5
09:26:45,96.0,24.5
09:26:46,96.0,24.5
09:26:47,95.0,24.5
09:26:48,96.0,24.5
09:26:49,97.0,24.6
09:26:50,94.1,24.6
09:26:51,91.0,24.7
09:26:52,96.0,24.7
09:26:53,96.0,24.7
09:26:54,96.0,24.8
09:26:55,96.0,24.9
09:26:56,96.0,24.9
09:26:57,96.0,24.9
09:26:58,96.0,25.0
09:26:59,96.0,25.0
09:27:00,96.0,25.1
09:27:01,97.0,25.1
09:27:02,95.0,25.2
09:27:03,96.0,25.2
09:27:04,97.0,25.2
09:27:05,95.0,25.3
09:27:06,96.0,25.4
09:27:07,95.0,25.4
09:27:08,97.0,25.5
09:27:09,96.0,25.6
09:27:10,95.0,25.6
09:27:11,96.0,25.6
09:27:12,96.0,25.7
09:27:13,96.0,25.7
09:27:14,96.0,25.8
09:27:15,96.0,25.8
09:27:16,95.0,25.8
09:27:17,97.0,25.9
09:27:18,95.0,25.9
09:27:19,97.0,26.0
09:27:20,95.0,26.1
09:27:21,97.0,26.1
09:27:22,90.0,26.1
09:27:23,95.0,26.2
09:27:24,97.0,26.2
09:27:25,95.0,26.3
09:27:26,96.0,26.3
09:27:27,96.0,26.4
09:27:28,96.0,26.4
09:27:29,96.0,26.4
09:27:30,96.0,26.5
09:27:31,96.0,26.6
09:27:32,96.0,26.6
09:27:33,96.0,26.6
09:27:34,95.0,26.7
09:27:35,96.0,26.7
09:27:36,97.0,26.8
09:27:37,96.0,26.8
09:27:38,96.0,26.9
09:27:39,95.0,26.9
09:27:40,96.0,26.9
09:27:41,96.0,27.0
09:27:42,97.0,27.1
09:27:43,94.1,27.1
09:27:44,96.0,27.1
09:27:45,96.0,27.2
09:27:46,96.0,27.2
09:27:47,97.0,27.3
09:27:48,95.0,27.4
09:27:49,97.0,27.5
09:27:50,94.1,27.5
09:27:51,97.0,27.6
09:27:52,91.0,27.6
09:27:53,95.0,27.7
09:27:54,96.0,27.7
09:27:55,96.0,27.7
09:27:56,85.0,27.8
09:27:57,95.0,27.8
09:27:58,96.0,27.9
09:27:59,96.0,27.9
09:28:00,97.0,28.0
09:28:01,95.0,28.0
09:28:02,96.0,28.0
09:28:03,96.0,28.1
09:28:04,96.0,28.2
09:28:05,96.0,28.2
09:28:06,95.0,28.2
09:28:07,96.0,28.3
09:28:08,97.0,28.3
09:28:09,95.0,28.4
09:28:10,97.0,28.4
09:28:11,94.1,28.5
09:28:12,96.0,28.5
09:28:13,96.0,28.5
09:28:14,96.0,28.6
09:28:15,96.0,28.7
09:28:16,97.0,28.7
09:28:17,97.0,28.6
09:28:18,96.0,28.6
09:28:19,96.0,28.6
09:28:20,96.0,28.6
09:28:21,97.0,28.6
09:28:22,89.1,28.6
09:28:23,97.0,28.6
09:28:24,91.1,28.6
09:28:25,96.0,28.6
09:28:26,97.0,28.6
09:28:27,95.0,28.6
09:28:28,97.0,28.6
09:28:29,95.0,28.6
09:28:30,97.0,28.6
09:28:31,96.0,28.6
09:28:32,96.0,28.6
09:28:33,95.0,28.6
09:28:34,97.0,28.6
09:28:35,95.0,28.6
09:28:36,96.0,28.6
09:28:37,95.0,28.6
09:28:38,96.0,28.6
09:28:39,97.0,28.6
09:28:40,95.0,28.6
09:28:41,97.0,28.6
09:28:42,95.0,28.6
09:28:43,97.0,28.6
09:28:44,96.0,28.6
09:28:45,95.0,28.6
09:28:46,96.0,28.6
09:28:47,96.0,28.6
09:28:49,96.0,28.6
09:28:50,97.0,28.6
09:28:51,95.0,28.6
09:28:52,96.0,28.6
09:28:53,91.0,28.6
09:28:54,96.0,28.6
09:28:55,96.0,28.6
09:28:56,96.0,28.6
09:28:57,96.0,28.6
09:28:58,96.0,28.6
09:28:59,96.0,28.6
09:29:00,95.0,28.6
09:29:01,97.0,28.6
09:29:02,96.0,28.6
09:29:03,96.0,28.6
09:29:04,95.0,28.6
09:29:05,97.0,28.6
09:29:06,96.0,28.6
09:29:07,95.0,28.7
09:29:08,98.0,28.7
09:29:09,95.0,28.7
09:29:10,97.0,28.6
09:29:11,98.0,28.6
09:29:12,94.1,28.6
09:29:13,97.0,28.6
09:29:14,95.0,28.6
09:29:15,96.0,28.6
09:29:16,96.0,28.6
09:29:17,95.0,28.6
09:29:18,97.0,28.6
09:29:19,95.0,28.6
09:29:20,97.0,28.6
09:29:21,96.0,28.6
09:29:22,96.0,28.6
09:29:23,90.0,28.6
09:29:24,95.0,28.6
09:29:25,96.0,28.6
09:29:26,97.0,28.6
09:29:27,95.0,28.6
09:29:28,96.0,28.6
09:29:29,96.0,28.6
09:29:30,96.0,28.6
09:29:31,97.0,28.6
09:29:32,94.1,28.6
09:29:33,96.0,28.6
09:29:34,95.0,28.6
09:29:35,96.0,28.6
09:29:36,97.0,28.6
09:29:37,96.0,28.6
09:29:38,96.0,28.6
09:29:39,95.0,28.6
09:29:40,96.0,28.6
09:29:41,96.0,28.6
09:29:42,96.0,28.6
09:29:43,97.0,28.6
09:29:44,95.0,28.6
09:29:45,96.0,28.6
09:29:46,97.0,28.6
09:29:47,95.0,28.6
09:29:48,95.0,28.6
09:29:49,96.0,28.6
09:29:50,98.0,28.6
09:29:51,95.0,28.6
09:29:52,96.0,28.6
09:29:53,90.0,28.6
09:29:54,95.0,28.6
09:29:55,96.0,28.6
09:29:56,96.0,28.6
09:29:57,96.0,28.6
09:29:58,97.0,28.6
09:29:59,95.0,28.6
09:30:00,96.0,28.6
09:30:01,96.0,28.6
09:30:02,96.0,28.6
09:30:03,97.0,28.6
09:30:04,95.0,28.6
09:30:05,97.0,28.6
09:30:06,97.0,28.6
09:30:07,83.2,28.7
09:30:08,96.0,28.7
09:30:09,96.0,28.7
09:30:10,96.0,28.7
09:30:11,97.0,28.7
09:30:12,95.0,28.7
09:30:13,97.0,28.7
09:30:14,95.0,28.7
09:30:15,97.0,28.7
09:30:16,95.0,28.7
09:30:17,95.0,28.7
09:30:18,97.0,28.7
09:30:19,95.0,28.7
09:30:20,97.0,28.7
09:30:21,96.0,28.7
09:30:22,95.0,28.7
09:30:23,91.0,28.7
09:30:24,95.0,28.7
09:30:25,92.0,28.7
09:30:26,95.0,28.7
09:30:27,96.0,28.7
09:30:28,97.0,28.7
09:30:29,95.0,28.7
09:30:30,96.0,28.8
09:30:31,97.0,28.8
09:30:32,95.0,28.8
09:30:33,97.0,28.8
09:30:34,95.0,28.8
09:30:35,96.0,28.8
09:30:36,96.0,28.9
09:30:37,96.0,28.9
09:30:38,95.0,29.0
09:30:39,96.0,29.0
09:30:40,97.0,29.0
09:30:41,96.0,29.0
09:30:42,95.0,29.0
09:30:43,97.0,29.0
09:30:44,95.0,29.0
09:30:45,97.0,29.0
09:30:46,94.1,29.0
09:30:47,96.0,29.0
09:30:48,96.0,29.0
09:30:49,96.0,29.0
09:30:50,97.0,29.0
09:30:51,97.0,29.0
09:30:52,96.0,29.0
09:30:53,92.0,29.0
09:30:54,94.1,29.0
09:30:55,97.0,29.0
09:30:56,95.0,29.0
09:30:57,96.0,29.0
09:30:58,95.0,29.0
09:30:59,97.0,29.0
09:31:00,96.0,29.0
09:31:01,96.0,29.1
09:31:02,96.0,29.1
09:31:03,95.0,29.1
09:31:04,97.0,29.1
09:31:05,95.0,29.1
09:31:06,96.0,29.1
09:31:07,97.0,29.1
09:31:08,95.0,29.1
09:31:09,96.0,29.1
09:31:10,97.0,29.1
09:31:11,95.0,29.1
09:31:12,96.0,29.1
09:31:13,96.0,29.1
09:31:14,97.0,29.1
09:31:15,96.0,29.1
09:31:16,96.0,29.1
09:31:17,95.0,29.1
09:31:18,96.0,29.1
09:31:19,97.0,29.1
09:31:20,96.0,29.1
09:31:21,94.1,29.1
09:31:22,97.0,29.1
09:31:23,95.0,29.1
09:31:24,91.0,29.1
09:31:25,96.0,29.1
09:31:26,95.0,29.1
09:31:27,97.0,29.1
09:31:28,95.0,29.1
09:31:29,96.0,29.1
09:31:30,97.0,29.1
09:31:31,95.0,29.1
09:31:32,96.0,29.1
09:31:33,96.0,29.1
09:31:34,96.0,29.1
09:31:35,97.0,29.1
09:31:36,95.0,29.1
09:31:37,96.0,29.1
09:31:38,96.0,29.1
09:31:39,96.0,29.1
09:31:40,97.0,29.2
09:31:41,95.0,29.2
09:31:42,96.0,29.2
09:31:43,97.0,27.7
09:31:44,95.0,27.7
09:31:45,96.0,27.7
09:31:46,97.0,27.7
09:31:47,95.0,27.7
09:31:48,97.0,27.7
09:31:49,95.0,27.7
09:31:50,96.0,27.7
09:31:51,96.0,27.7
09:31:52,96.0,27.7
09:31:53,96.0,27.7
09:31:54,90.1,27.7
09:31:55,97.0,27.7
09:31:56,95.0,27.7
09:31:57,97.0,27.7
09:31:58,96.0,27.7
09:31:59,95.0,27.7
09:32:00,97.0,27.7
09:32:01,96.0,27.7
09:32:02,95.0,27.7
09:32:03,97.0,27.7
09:32:04,95.0,27.7
09:32:05,96.0,27.7
09:32:06,97.0,27.7
09:32:07,96.0,27.7
09:32:08,96.0,27.7
09:32:09,96.0,27.7
09:32:10,96.0,27.7
09:32:11,96.0,27.7
09:32:12,96.0,27.7
09:32:13,95.0,27.7
09:32:14,97.0,27.7
09:32:15,96.0,27.7
09:32:16,83.2,27.7
09:32:17,96.0,27.7
09:32:18,95.0,27.7
09:32:19,97.0,27.7
09:32:20,96.0,27.7
09:32:21,96.0,27.7
09:32:22,96.0,27.7
09:32:23,96.0,27.7
09:32:24,90.1,27.7
09:32:25,96.0,27.7
09:32:26,97.0,27.7
09:32:27,95.0,27.7
09:32:28,93.0,27.7
09:32:29,95.0,27.7
09:32:30,96.0,27.7
09:32:31,96.0,27.7
09:32:32,96.0,27.7
09:32:33,96.0,27.7
09:32:34,96.0,27.7
09:32:35,96.0,27.7
09:32:36,96.0,27.7
09:32:37,95.0,27.7
09:32:38,97.0,27.7
09:32:39,95.0,27.7
09:32:40,96.0,27.7
09:32:41,96.0,27.8
09:32:42,95.0,27.8
09:32:43,97.0,27.8
09:32:44,95.0,27.8
09:32:45,96.0,27.8
09:32:46,96.0,27.8
09:32:47,96.0,27.8
09:32:48,96.0,27.8
09:32:49,98.0,27.7
09:32:50,96.0,27.7
09:32:51,96.0,27.7
09:32:52,95.0,27.7
09:32:53,97.0,27.7
09:32:54,89.1,27.7
09:32:55,97.0,27.7
09:32:56,96.0,27.7
09:32:57,96.0,27.7
09:32:58,95.0,27.7
09:32:59,96.0,27.7
09:33:00,97.0,27.8
09:33:01,95.0,27.8
09:33:02,96.0,27.8
09:33:03,96.0,27.8
09:33:04,96.0,27.8
09:33:05,96.0,27.8
09:33:06,96.0,27.8
09:33:07,95.0,27.8
09:33:08,97.0,27.8
09:33:09,95.0,27.8
09:33:10,96.0,27.8
09:33:11,96.0,27.8
09:33:12,96.0,27.8
09:33:13,96.0,27.8
09:33:14,95.0,27.8
09:33:15,97.0,27.8
09:33:16,97.0,27.8
09:33:17,94.1,27.8
09:33:18,97.0,27.8
09:33:19,95.0,27.8
09:33:20,96.0,27.8
09:33:21,99.0,28.1
09:33:22,99.0,28.1
09:33:23,98.0,29.1
09:33:24,94.0,30.0
09:33:25,98.0,26.3
09:33:26,99.0,26.4
09:33:27,99.9,26.4
09:33:28,98.0,26.4
09:33:29,99.0,22.9
09:33:30,98.0,24.1
09:33:31,99.0,25.2
09:33:32,99.9,26.3
09:33:33,98.0,27.3
09:33:34,98.0,28.0
09:33:35,99.0,29.1
09:33:36,98.0,30.2
09:33:37,99.9,31.2
09:33:38,98.0,32.3
09:33:39,99.0,33.4
09:33:40,99.0,34.0
09:33:41,95.0,34.0
09:33:42,95.0,34.1
09:33:43,95.0,34.6
09:33:44,97.0,34.8
09:33:45,95.0,34.8
09:33:46,96.0,34.9
09:33:47,96.0,34.9
09:33:48,95.0,34.9
09:33:49,97.0,35.0
09:33:50,95.0,35.1
09:33:51,96.0,35.1
09:33:52,96.0,35.2
09:33:53,96.0,35.3
09:33:54,90.1,35.3
09:33:55,97.0,35.4
09:33:56,94.1,35.5
09:33:57,96.0,35.5
09:33:58,97.0,35.6
09:33:59,95.0,35.7
09:34:00,96.0,35.7
09:34:01,96.0,35.8
09:34:02,96.0,35.9
09:34:03,95.0,35.9
09:34:04,96.0,36.0
09:34:05,96.0,36.0
09:34:06,95.0,36.1
09:34:07,97.0,36.2
09:34:08,95.0,36.2
09:34:09,95.0,36.3
09:34:10,96.0,36.3
09:34:11,96.0,36.4
09:34:12,96.0,36.4
09:34:13,96.0,36.5
09:34:14,95.0,36.5
09:34:15,95.0,36.6
09:34:16,96.0,36.7
09:34:17,96.0,36.7
09:34:18,96.0,36.8
09:34:19,95.0,36.9
09:34:20,96.0,36.9
09:34:21,95.0,37.0
09:34:22,96.0,37.0
09:34:23,95.0,37.1
09:34:24,91.0,37.1
09:34:25,96.0,37.2
09:34:26,83.2,37.2
09:34:27,95.0,37.3
09:34:28,97.0,37.3
09:34:29,95.0,37.4
09:34:30,96.0,37.4
09:34:31,91.1,37.5
09:34:32,96.0,37.6
09:34:33,97.0,37.6
09:34:34,95.0,37.7
09:34:35,95.0,37.7
09:34:36,95.0,37.8
09:34:37,97.0,37.9
09:34:38,95.0,37.9
09:34:39,96.0,37.9
09:34:40,96.0,37.9
09:34:41,96.0,37.9
09:34:42,95.0,37.9
09:34:43,96.0,37.9
09:34:44,95.0,37.9
09:34:45,97.0,37.9
09:34:46,94.1,37.9
09:34:47,97.0,37.9
09:34:48,97.0,37.9
09:34:49,95.0,37.9
09:34:50,96.0,38.0
09:34:51,95.0,38.0
09:34:52,96.0,38.0
09:34:53,96.0,38.0
09:34:54,92.1,38.0
09:34:55,93.1,38.0
09:34:56,96.0,38.0
09:34:57,96.0,38.0
09:34:58,94.1,38.0
09:34:59,96.0,38.0
09:35:00,96.0,38.0
09:35:01,95.0,38.0
09:35:02,96.0,38.0
09:35:03,95.0,38.0
09:35:04,97.0,38.0
09:35:05,95.0,38.0
09:35:06,96.0,38.0
09:35:07,95.0,38.1
09:35:08,95.0,38.1
09:35:09,97.0,38.1
09:35:10,95.0,38.1
09:35:11,96.0,38.1
09:35:12,95.0,38.1
09:35:13,96.0,38.1
09:35:14,96.0,38.1
09:35:15,96.0,38.1
09:35:16,96.0,38.1
09:35:17,95.0,38.1
09:35:18,95.0,38.1
09:35:19,96.0,38.1
09:35:20,97.0,38.1
09:35:21,95.0,38.1
09:35:22,95.0,38.1
09:35:23,95.0,38.1
09:35:24,96.0,38.1
09:35:25,91.0,38.1
09:35:26,95.0,38.1
09:35:27,96.0,38.1
09:35:28,95.0,38.1
09:35:29,97.0,38.1
09:35:30,96.0,38.1
09:35:31,95.0,38.2
09:35:32,96.0,38.3
09:35:33,96.0,38.3
09:35:34,95.0,38.4
09:35:35,96.0,38.4
09:35:36,96.0,38.5
09:35:37,96.0,38.6
09:35:38,95.0,38.6
09:35:39,95.0,38.8
09:35:40,97.0,38.8
09:35:41,96.0,38.9
09:35:42,95.0,39.0
09:35:43,95.0,39.1
09:35:44,96.0,39.1
09:35:45,96.0,39.2
09:35:46,96.0,39.4
09:35:47,95.0,39.5
09:35:48,96.0,39.6
09:35:49,96.0,39.7
09:35:50,95.0,39.8
09:35:51,95.0,39.9
09:35:52,96.0,40.1
09:35:53,96.0,40.2
09:35:54,96.0,40.3
09:35:55,90.1,40.4
09:35:56,95.0,40.5
09:35:57,99.0,40.5
09:35:58,93.1,40.5
09:35:59,97.0,40.5
09:36:00,95.0,40.5
09:36:01,96.0,40.5
09:36:02,96.0,40.5
09:36:03,94.1,40.5
09:36:04,97.0,40.5
09:36:05,96.0,40.5
09:36:06,95.0,40.5
09:36:07,96.0,40.5
09:36:08,95.0,40.5
09:36:09,96.0,40.5
09:36:10,97.0,40.5
09:36:11,96.0,40.5
09:36:12,95.0,40.5
09:36:13,95.0,40.5
09:36:14,97.0,40.5
09:36:15,94.1,40.5
09:36:16,96.0,40.5
09:36:17,96.0,40.5
09:36:18,95.0,40.5
09:36:19,95.0,40.5
09:36:20,97.0,40.6
09:36:21,95.0,40.6
09:36:22,96.0,40.6
09:36:23,95.0,40.6
09:36:24,96.0,40.6
09:36:25,91.0,40.6
09:36:26,95.0,40.6
09:36:27,96.0,40.6
09:36:28,95.0,40.6
09:36:29,96.0,40.6
09:36:30,97.0,40.6
09:36:31,96.0,40.6
09:36:32,92.0,40.6
09:36:33,95.0,40.6
09:36:34,96.0,40.6
09:36:35,83.2,40.6
09:36:36,97.0,40.6
09:36:37,95.0,40.6
09:36:38,96.0,40.6
09:36:39,95.0,40.6
09:36:40,97.0,40.6
09:36:41,97.0,40.6
09:36:42,94.1,40.6
09:36:43,97.0,40.6
09:36:44,95.0,40.6
09:36:45,96.0,40.6
09:36:46,95.0,40.6
09:36:47,94.1,40.6
09:36:48,96.0,40.6
09:36:49,96.0,40.6
09:36:50,96.0,40.6
09:36:51,97.0,40.7
09:36:52,94.1,40.7
09:36:53,97.0,40.7
09:36:54,94.1,40.7
09:36:55,91.0,40.7
09:36:56,96.0,40.7
09:36:57,95.0,40.7
09:36:58,96.0,40.7
09:36:59,96.0,40.7
09:37:00,96.0,40.7
09:37:01,96.0,40.7
09:37:02,95.0,40.7
09:37:03,96.0,40.7
09:37:04,95.0,40.7
09:37:05,95.0,40.7
09:37:06,97.0,40.7
09:37:07,94.1,40.7
09:37:08,97.0,40.7
09:37:09,96.0,40.7
09:37:10,95.0,40.7
09:37:11,96.0,40.8
09:37:12,94.1,40.9
09:37:13,96.0,40.9
09:37:14,96.0,41.1
09:37:15,96.0,41.2
09:37:16,96.0,41.3
09:37:17,95.0,41.4
09:37:18,96.0,41.5
09:37:19,96.0,41.6
09:37:20,95.0,41.8
09:37:21,97.0,41.9
09:37:22,95.0,42.0
09:37:23,95.0,42.1
09:37:24,97.0,42.2
09:37:25,89.1,42.3
09:37:26,96.0,42.4
09:37:27,96.0,42.5
09:37:28,96.0,42.6
09:37:29,96.0,42.8
09:37:30,95.0,42.8
09:37:31,96.0,43.0
09:37:32,95.0,43.1
09:37:33,96.0,43.2
09:37:34,96.0,43.3
09:37:35,94.1,43.4
09:37:36,97.0,43.5
09:37:37,96.0,43.7
09:37:38,94.1,43.8
09:37:39,96.0,43.8
09:37:40,98.0,43.5
09:37:41,95.0,43.5
09:37:42,97.0,43.5
09:37:43,94.1,43.5
09:37:44,95.0,43.5
09:37:45,97.0,43.5
09:37:46,94.1,43.5
09:37:47,97.0,43.5
09:37:48,95.0,43.5
09:37:49,97.0,43.5
09:37:50,94.1,43.5
09:37:51,96.0,43.5
09:37:52,95.0,43.5
09:37:53,96.0,43.5
09:37:54,96.0,43.5
09:37:55,89.1,43.5
09:37:56,96.0,43.5
09:37:57,96.0,43.5
09:37:58,96.0,43.5
09:37:59,96.0,43.5
09:38:00,96.0,43.5
09:38:01,95.0,43.5
09:38:02,96.0,43.5
09:38:03,95.0,43.5
09:38:04,96.0,43.5
09:38:05,96.0,43.5
09:38:06,95.0,43.5
09:38:07,95.0,43.5
09:38:08,95.0,43.5
09:38:09,97.0,43.5
09:38:10,96.0,43.5
09:38:11,95.0,43.5
09:38:12,96.0,43.5
09:38:13,95.0,43.5
09:38:14,96.0,43.5
09:38:15,96.0,43.5
09:38:16,95.0,43.5
09:38:17,97.0,43.5
09:38:18,95.0,43.5
09:38:19,95.0,43.5
09:38:20,97.0,43.5
09:38:21,95.0,43.5
09:38:22,95.0,43.5
09:38:23,96.0,43.5
09:38:24,98.0,42.4
09:38:25,91.1,40.7
09:38:26,95.0,40.7
09:38:27,96.0,40.7
09:38:28,95.0,40.7
09:38:29,97.0,40.7
09:38:30,95.0,40.7
09:38:31,96.0,40.7
09:38:32,91.0,40.7
09:38:33,96.0,40.7
09:38:34,95.0,40.7
09:38:35,96.0,40.7
09:38:36,96.0,40.7
09:38:37,96.0,40.7
09:38:38,96.0,40.7
09:38:39,95.0,40.7
09:38:40,85.0,40.7
09:38:41,95.0,40.8
09:38:42,96.0,40.8
09:38:43,96.0,40.8
09:38:44,96.0,40.8
09:38:45,95.0,40.8
09:38:46,96.0,40.8
09:38:47,95.0,40.8
09:38:48,97.0,40.8
09:38:49,96.0,40.9
09:38:50,95.0,40.9
09:38:51,95.0,40.9
09:38:52,97.0,40.9
09:38:53,95.0,40.9
09:38:54,96.0,40.9
09:38:55,95.0,40.9
09:38:56,91.1,40.9
09:38:57,95.0,40.9
09:38:58,96.0,40.9
09:38:59,96.0,40.9
09:39:00,95.0,40.9
09:39:01,96.0,40.9
09:39:02,95.0,40.9
09:39:03,97.0,40.9
09:39:04,95.0,40.9
09:39:05,96.0,40.9
09:39:06,96.0,40.9
09:39:07,96.0,40.9
09:39:08,96.0,40.9
09:39:09,96.0,40.9
09:39:10,95.0,40.9
09:39:11,96.0,40.9
09:39:12,95.0,40.9
09:39:13,96.0,40.9
09:39:14,96.0,40.9
09:39:15,95.0,40.9
09:39:16,96.0,40.9
09:39:17,95.0,40.9
09:39:18,95.0,40.9
09:39:19,97.0,40.9
09:39:20,95.0,40.9
09:39:21,96.0,40.9
09:39:22,97.0,40.9
09:39:23,94.1,40.9
09:39:24,96.0,40.9
09:39:25,96.0,40.9
09:39:26,90.0,41.0
09:39:27,96.0,41.0
09:39:28,95.0,41.1
09:39:29,96.0,41.1
09:39:30,96.0,41.2
09:39:31,95.0,41.3
09:39:32,97.0,41.3
09:39:33,94.1,41.4
09:39:34,96.0,41.4
09:39:35,95.0,41.5
09:39:36,97.0,41.6
09:39:37,96.0,41.6
09:39:38,95.0,41.7
09:39:39,96.0,41.7
09:39:40,96.0,41.8
09:39:41,95.0,41.9
09:39:42,97.0,41.9
09:39:43,95.0,42.0
09:39:44,96.0,42.0
09:39:45,95.0,42.1
09:39:46,96.0,42.2
09:39:47,96.0,42.2
09:39:48,96.0,42.3
09:39:49,95.0,42.3
09:39:50,96.0,42.4
09:39:51,95.0,42.4
09:39:52,95.0,42.5
09:39:53,97.0,42.6
09:39:54,96.0,42.6
09:39:55,95.0,42.7
09:39:56,90.0,42.7
09:39:57,95.0,42.8
09:39:58,96.0,42.9
09:39:59,96.0,43.0
09:40:00,96.0,43.1
09:40:01,96.0,43.2
09:40:02,95.0,43.3
09:40:03,94.0,43.5
09:40:04,97.0,43.5
09:40:05,98.0,43.5
09:40:06,96.0,43.5
09:40:07,96.0,43.5
09:40:08,95.0,43.5
09:40:09,96.0,43.5
09:40:10,96.0,43.5
09:40:11,96.0,43.5
09:40:12,96.0,43.5
09:40:13,94.1,43.5
09:40:14,97.0,43.5
09:40:15,95.0,43.5
09:40:16,96.0,43.5
09:40:17,96.0,43.5
09:40:18,96.0,43.5
09:40:19,96.0,43.5
09:40:20,95.0,43.5
09:40:21,96.0,43.5
09:40:22,96.0,43.5
09:40:23,94.1,43.5
09:40:24,96.0,43.5
09:40:25,96.0,43.5
09:40:26,90.0,43.5
09:40:27,96.0,43.5
09:40:28,96.0,43.5
09:40:29,94.1,43.6
09:40:30,97.0,43.6
09:40:31,96.0,43.6
09:40:32,92.0,43.6
09:40:33,96.0,43.6
09:40:34,96.0,43.6
09:40:35,95.0,43.6
09:40:36,95.0,43.6
09:40:37,97.0,43.6
09:40:38,94.1,43.6
09:40:39,97.0,43.6
09:40:40,95.0,43.6
09:40:41,95.0,43.6
09:40:42,97.0,43.6
09:40:43,95.0,43.6
09:40:44,85.0,43.6
09:40:45,48.0,43.6